FM-M01-before-no-output-proposed	fixed-interruption-matrix	fixed-interruption	proposed	180	non-disruptive	events,barrier-snapshots,process-and-cgroup-observations,case-outcome
FM-M01-before-single-output-proposed	fixed-interruption-matrix	fixed-interruption	proposed	180	non-disruptive	events,barrier-snapshots,process-and-cgroup-observations,case-outcome
FM-M01-before-multiple-output-pages-proposed	fixed-interruption-matrix	fixed-interruption	proposed	180	non-disruptive	events,barrier-snapshots,process-and-cgroup-observations,case-outcome
FM-M01-before-processor-loop-proposed	fixed-interruption-matrix	fixed-interruption	proposed	180	non-disruptive	events,barrier-snapshots,process-and-cgroup-observations,case-outcome
FM-M01-before-process-descendant-proposed	fixed-interruption-matrix	fixed-interruption	proposed	180	non-disruptive	events,barrier-snapshots,process-and-cgroup-observations,case-outcome
FM-M01-before-active-capability-handler-proposed	fixed-interruption-matrix	fixed-interruption	proposed	180	non-disruptive	events,barrier-snapshots,process-and-cgroup-observations,case-outcome
FM-M01-before-unknown-external-effect-proposed	fixed-interruption-matrix	fixed-interruption	proposed	180	non-disruptive	events,barrier-snapshots,process-and-cgroup-observations,case-outcome
FM-M01-after-no-output-proposed	fixed-interruption-matrix	fixed-interruption	proposed	180	non-disruptive	events,barrier-snapshots,process-and-cgroup-observations,case-outcome
FM-M01-after-single-output-proposed	fixed-interruption-matrix	fixed-interruption	proposed	180	non-disruptive	events,barrier-snapshots,process-and-cgroup-observations,case-outcome
FM-M01-after-multiple-output-pages-proposed	fixed-interruption-matrix	fixed-interruption	proposed	180	non-disruptive	events,barrier-snapshots,process-and-cgroup-observations,case-outcome
FM-M01-after-processor-loop-proposed	fixed-interruption-matrix	fixed-interruption	proposed	180	non-disruptive	events,barrier-snapshots,process-and-cgroup-observations,case-outcome
FM-M01-after-process-descendant-proposed	fixed-interruption-matrix	fixed-interruption	proposed	180	non-disruptive	events,barrier-snapshots,process-and-cgroup-observations,case-outcome
FM-M01-after-active-capability-handler-proposed	fixed-interruption-matrix	fixed-interruption	proposed	180	non-disruptive	events,barrier-snapshots,process-and-cgroup-observations,case-outcome
FM-M01-after-unknown-external-effect-proposed	fixed-interruption-matrix	fixed-interruption	proposed	180	non-disruptive	events,barrier-snapshots,process-and-cgroup-observations,case-outcome
FM-M02-before-no-output-proposed	fixed-interruption-matrix	fixed-interruption	proposed	180	non-disruptive	events,barrier-snapshots,process-and-cgroup-observations,case-outcome
FM-M02-before-single-output-proposed	fixed-interruption-matrix	fixed-interruption	proposed	180	non-disruptive	events,barrier-snapshots,process-and-cgroup-observations,case-outcome
FM-M02-before-multiple-output-pages-proposed	fixed-interruption-matrix	fixed-interruption	proposed	180	non-disruptive	events,barrier-snapshots,process-and-cgroup-observations,case-outcome
FM-M02-before-processor-loop-proposed	fixed-interruption-matrix	fixed-interruption	proposed	180	non-disruptive	events,barrier-snapshots,process-and-cgroup-observations,case-outcome
FM-M02-before-process-descendant-proposed	fixed-interruption-matrix	fixed-interruption	proposed	180	non-disruptive	events,barrier-snapshots,process-and-cgroup-observations,case-outcome
FM-M02-before-active-capability-handler-proposed	fixed-interruption-matrix	fixed-interruption	proposed	180	non-disruptive	events,barrier-snapshots,process-and-cgroup-observations,case-outcome
FM-M02-before-unknown-external-effect-proposed	fixed-interruption-matrix	fixed-interruption	proposed	180	non-disruptive	events,barrier-snapshots,process-and-cgroup-observations,case-outcome
FM-M02-after-no-output-proposed	fixed-interruption-matrix	fixed-interruption	proposed	180	non-disruptive	events,barrier-snapshots,process-and-cgroup-observations,case-outcome
FM-M02-after-single-output-proposed	fixed-interruption-matrix	fixed-interruption	proposed	180	non-disruptive	events,barrier-snapshots,process-and-cgroup-observations,case-outcome
FM-M02-after-multiple-output-pages-proposed	fixed-interruption-matrix	fixed-interruption	proposed	180	non-disruptive	events,barrier-snapshots,process-and-cgroup-observations,case-outcome
FM-M02-after-processor-loop-proposed	fixed-interruption-matrix	fixed-interruption	proposed	180	non-disruptive	events,barrier-snapshots,process-and-cgroup-observations,case-outcome
FM-M02-after-process-descendant-proposed	fixed-interruption-matrix	fixed-interruption	proposed	180	non-disruptive	events,barrier-snapshots,process-and-cgroup-observations,case-outcome
FM-M02-after-active-capability-handler-proposed	fixed-interruption-matrix	fixed-interruption	proposed	180	non-disruptive	events,barrier-snapshots,process-and-cgroup-observations,case-outcome
FM-M02-after-unknown-external-effect-proposed	fixed-interruption-matrix	fixed-interruption	proposed	180	non-disruptive	events,barrier-snapshots,process-and-cgroup-observations,case-outcome
FM-M03-before-no-output-proposed	fixed-interruption-matrix	fixed-interruption	proposed	180	non-disruptive	events,barrier-snapshots,process-and-cgroup-observations,case-outcome
FM-M03-before-single-output-proposed	fixed-interruption-matrix	fixed-interruption	proposed	180	non-disruptive	events,barrier-snapshots,process-and-cgroup-observations,case-outcome
FM-M03-before-multiple-output-pages-proposed	fixed-interruption-matrix	fixed-interruption	proposed	180	non-disruptive	events,barrier-snapshots,process-and-cgroup-observations,case-outcome
FM-M03-before-processor-loop-proposed	fixed-interruption-matrix	fixed-interruption	proposed	180	non-disruptive	events,barrier-snapshots,process-and-cgroup-observations,case-outcome
FM-M03-before-process-descendant-proposed	fixed-interruption-matrix	fixed-interruption	proposed	180	non-disruptive	events,barrier-snapshots,process-and-cgroup-observations,case-outcome
FM-M03-before-active-capability-handler-proposed	fixed-interruption-matrix	fixed-interruption	proposed	180	non-disruptive	events,barrier-snapshots,process-and-cgroup-observations,case-outcome
FM-M03-before-unknown-external-effect-proposed	fixed-interruption-matrix	fixed-interruption	proposed	180	non-disruptive	events,barrier-snapshots,process-and-cgroup-observations,case-outcome
FM-M03-after-no-output-proposed	fixed-interruption-matrix	fixed-interruption	proposed	180	non-disruptive	events,barrier-snapshots,process-and-cgroup-observations,case-outcome
FM-M03-after-single-output-proposed	fixed-interruption-matrix	fixed-interruption	proposed	180	non-disruptive	events,barrier-snapshots,process-and-cgroup-observations,case-outcome
FM-M03-after-multiple-output-pages-proposed	fixed-interruption-matrix	fixed-interruption	proposed	180	non-disruptive	events,barrier-snapshots,process-and-cgroup-observations,case-outcome
FM-M03-after-processor-loop-proposed	fixed-interruption-matrix	fixed-interruption	proposed	180	non-disruptive	events,barrier-snapshots,process-and-cgroup-observations,case-outcome
FM-M03-after-process-descendant-proposed	fixed-interruption-matrix	fixed-interruption	proposed	180	non-disruptive	events,barrier-snapshots,process-and-cgroup-observations,case-outcome
FM-M03-after-active-capability-handler-proposed	fixed-interruption-matrix	fixed-interruption	proposed	180	non-disruptive	events,barrier-snapshots,process-and-cgroup-observations,case-outcome
FM-M03-after-unknown-external-effect-proposed	fixed-interruption-matrix	fixed-interruption	proposed	180	non-disruptive	events,barrier-snapshots,process-and-cgroup-observations,case-outcome
FM-M04-before-no-output-proposed	fixed-interruption-matrix	fixed-interruption	proposed	180	non-disruptive	events,barrier-snapshots,process-and-cgroup-observations,case-outcome
FM-M04-before-single-output-proposed	fixed-interruption-matrix	fixed-interruption	proposed	180	non-disruptive	events,barrier-snapshots,process-and-cgroup-observations,case-outcome
FM-M04-before-multiple-output-pages-proposed	fixed-interruption-matrix	fixed-interruption	proposed	180	non-disruptive	events,barrier-snapshots,process-and-cgroup-observations,case-outcome
FM-M04-before-processor-loop-proposed	fixed-interruption-matrix	fixed-interruption	proposed	180	non-disruptive	events,barrier-snapshots,process-and-cgroup-observations,case-outcome
FM-M04-before-process-descendant-proposed	fixed-interruption-matrix	fixed-interruption	proposed	180	non-disruptive	events,barrier-snapshots,process-and-cgroup-observations,case-outcome
FM-M04-before-active-capability-handler-proposed	fixed-interruption-matrix	fixed-interruption	proposed	180	non-disruptive	events,barrier-snapshots,process-and-cgroup-observations,case-outcome
FM-M04-before-unknown-external-effect-proposed	fixed-interruption-matrix	fixed-interruption	proposed	180	non-disruptive	events,barrier-snapshots,process-and-cgroup-observations,case-outcome
FM-M04-after-no-output-proposed	fixed-interruption-matrix	fixed-interruption	proposed	180	non-disruptive	events,barrier-snapshots,process-and-cgroup-observations,case-outcome
FM-M04-after-single-output-proposed	fixed-interruption-matrix	fixed-interruption	proposed	180	non-disruptive	events,barrier-snapshots,process-and-cgroup-observations,case-outcome
FM-M04-after-multiple-output-pages-proposed	fixed-interruption-matrix	fixed-interruption	proposed	180	non-disruptive	events,barrier-snapshots,process-and-cgroup-observations,case-outcome
FM-M04-after-processor-loop-proposed	fixed-interruption-matrix	fixed-interruption	proposed	180	non-disruptive	events,barrier-snapshots,process-and-cgroup-observations,case-outcome
FM-M04-after-process-descendant-proposed	fixed-interruption-matrix	fixed-interruption	proposed	180	non-disruptive	events,barrier-snapshots,process-and-cgroup-observations,case-outcome
FM-M04-after-active-capability-handler-proposed	fixed-interruption-matrix	fixed-interruption	proposed	180	non-disruptive	events,barrier-snapshots,process-and-cgroup-observations,case-outcome
FM-M04-after-unknown-external-effect-proposed	fixed-interruption-matrix	fixed-interruption	proposed	180	non-disruptive	events,barrier-snapshots,process-and-cgroup-observations,case-outcome
FM-M05-before-no-output-proposed	fixed-interruption-matrix	fixed-interruption	proposed	180	non-disruptive	events,barrier-snapshots,process-and-cgroup-observations,case-outcome
FM-M05-before-single-output-proposed	fixed-interruption-matrix	fixed-interruption	proposed	180	non-disruptive	events,barrier-snapshots,process-and-cgroup-observations,case-outcome
FM-M05-before-multiple-output-pages-proposed	fixed-interruption-matrix	fixed-interruption	proposed	180	non-disruptive	events,barrier-snapshots,process-and-cgroup-observations,case-outcome
FM-M05-before-processor-loop-proposed	fixed-interruption-matrix	fixed-interruption	proposed	180	non-disruptive	events,barrier-snapshots,process-and-cgroup-observations,case-outcome
FM-M05-before-process-descendant-proposed	fixed-interruption-matrix	fixed-interruption	proposed	180	non-disruptive	events,barrier-snapshots,process-and-cgroup-observations,case-outcome
FM-M05-before-active-capability-handler-proposed	fixed-interruption-matrix	fixed-interruption	proposed	180	non-disruptive	events,barrier-snapshots,process-and-cgroup-observations,case-outcome
FM-M05-before-unknown-external-effect-proposed	fixed-interruption-matrix	fixed-interruption	proposed	180	non-disruptive	events,barrier-snapshots,process-and-cgroup-observations,case-outcome
FM-M05-after-no-output-proposed	fixed-interruption-matrix	fixed-interruption	proposed	180	non-disruptive	events,barrier-snapshots,process-and-cgroup-observations,case-outcome
FM-M05-after-single-output-proposed	fixed-interruption-matrix	fixed-interruption	proposed	180	non-disruptive	events,barrier-snapshots,process-and-cgroup-observations,case-outcome
FM-M05-after-multiple-output-pages-proposed	fixed-interruption-matrix	fixed-interruption	proposed	180	non-disruptive	events,barrier-snapshots,process-and-cgroup-observations,case-outcome
FM-M05-after-processor-loop-proposed	fixed-interruption-matrix	fixed-interruption	proposed	180	non-disruptive	events,barrier-snapshots,process-and-cgroup-observations,case-outcome
FM-M05-after-process-descendant-proposed	fixed-interruption-matrix	fixed-interruption	proposed	180	non-disruptive	events,barrier-snapshots,process-and-cgroup-observations,case-outcome
FM-M05-after-active-capability-handler-proposed	fixed-interruption-matrix	fixed-interruption	proposed	180	non-disruptive	events,barrier-snapshots,process-and-cgroup-observations,case-outcome
FM-M05-after-unknown-external-effect-proposed	fixed-interruption-matrix	fixed-interruption	proposed	180	non-disruptive	events,barrier-snapshots,process-and-cgroup-observations,case-outcome
FM-M06-before-no-output-proposed	fixed-interruption-matrix	fixed-interruption	proposed	180	non-disruptive	events,barrier-snapshots,process-and-cgroup-observations,case-outcome
FM-M06-before-single-output-proposed	fixed-interruption-matrix	fixed-interruption	proposed	180	non-disruptive	events,barrier-snapshots,process-and-cgroup-observations,case-outcome
FM-M06-before-multiple-output-pages-proposed	fixed-interruption-matrix	fixed-interruption	proposed	180	non-disruptive	events,barrier-snapshots,process-and-cgroup-observations,case-outcome
FM-M06-before-processor-loop-proposed	fixed-interruption-matrix	fixed-interruption	proposed	180	non-disruptive	events,barrier-snapshots,process-and-cgroup-observations,case-outcome
FM-M06-before-process-descendant-proposed	fixed-interruption-matrix	fixed-interruption	proposed	180	non-disruptive	events,barrier-snapshots,process-and-cgroup-observations,case-outcome
FM-M06-before-active-capability-handler-proposed	fixed-interruption-matrix	fixed-interruption	proposed	180	non-disruptive	events,barrier-snapshots,process-and-cgroup-observations,case-outcome
FM-M06-before-unknown-external-effect-proposed	fixed-interruption-matrix	fixed-interruption	proposed	180	non-disruptive	events,barrier-snapshots,process-and-cgroup-observations,case-outcome
FM-M06-after-no-output-proposed	fixed-interruption-matrix	fixed-interruption	proposed	180	non-disruptive	events,barrier-snapshots,process-and-cgroup-observations,case-outcome
FM-M06-after-single-output-proposed	fixed-interruption-matrix	fixed-interruption	proposed	180	non-disruptive	events,barrier-snapshots,process-and-cgroup-observations,case-outcome
FM-M06-after-multiple-output-pages-proposed	fixed-interruption-matrix	fixed-interruption	proposed	180	non-disruptive	events,barrier-snapshots,process-and-cgroup-observations,case-outcome
FM-M06-after-processor-loop-proposed	fixed-interruption-matrix	fixed-interruption	proposed	180	non-disruptive	events,barrier-snapshots,process-and-cgroup-observations,case-outcome
FM-M06-after-process-descendant-proposed	fixed-interruption-matrix	fixed-interruption	proposed	180	non-disruptive	events,barrier-snapshots,process-and-cgroup-observations,case-outcome
FM-M06-after-active-capability-handler-proposed	fixed-interruption-matrix	fixed-interruption	proposed	180	non-disruptive	events,barrier-snapshots,process-and-cgroup-observations,case-outcome
FM-M06-after-unknown-external-effect-proposed	fixed-interruption-matrix	fixed-interruption	proposed	180	non-disruptive	events,barrier-snapshots,process-and-cgroup-observations,case-outcome
FM-M07-before-no-output-proposed	fixed-interruption-matrix	fixed-interruption	proposed	180	non-disruptive	events,barrier-snapshots,process-and-cgroup-observations,case-outcome
FM-M07-before-single-output-proposed	fixed-interruption-matrix	fixed-interruption	proposed	180	non-disruptive	events,barrier-snapshots,process-and-cgroup-observations,case-outcome
FM-M07-before-multiple-output-pages-proposed	fixed-interruption-matrix	fixed-interruption	proposed	180	non-disruptive	events,barrier-snapshots,process-and-cgroup-observations,case-outcome
FM-M07-before-processor-loop-proposed	fixed-interruption-matrix	fixed-interruption	proposed	180	non-disruptive	events,barrier-snapshots,process-and-cgroup-observations,case-outcome
FM-M07-before-process-descendant-proposed	fixed-interruption-matrix	fixed-interruption	proposed	180	non-disruptive	events,barrier-snapshots,process-and-cgroup-observations,case-outcome
FM-M07-before-active-capability-handler-proposed	fixed-interruption-matrix	fixed-interruption	proposed	180	non-disruptive	events,barrier-snapshots,process-and-cgroup-observations,case-outcome
FM-M07-before-unknown-external-effect-proposed	fixed-interruption-matrix	fixed-interruption	proposed	180	non-disruptive	events,barrier-snapshots,process-and-cgroup-observations,case-outcome
FM-M07-after-no-output-proposed	fixed-interruption-matrix	fixed-interruption	proposed	180	non-disruptive	events,barrier-snapshots,process-and-cgroup-observations,case-outcome
FM-M07-after-single-output-proposed	fixed-interruption-matrix	fixed-interruption	proposed	180	non-disruptive	events,barrier-snapshots,process-and-cgroup-observations,case-outcome
FM-M07-after-multiple-output-pages-proposed	fixed-interruption-matrix	fixed-interruption	proposed	180	non-disruptive	events,barrier-snapshots,process-and-cgroup-observations,case-outcome
FM-M07-after-processor-loop-proposed	fixed-interruption-matrix	fixed-interruption	proposed	180	non-disruptive	events,barrier-snapshots,process-and-cgroup-observations,case-outcome
FM-M07-after-process-descendant-proposed	fixed-interruption-matrix	fixed-interruption	proposed	180	non-disruptive	events,barrier-snapshots,process-and-cgroup-observations,case-outcome
FM-M07-after-active-capability-handler-proposed	fixed-interruption-matrix	fixed-interruption	proposed	180	non-disruptive	events,barrier-snapshots,process-and-cgroup-observations,case-outcome
FM-M07-after-unknown-external-effect-proposed	fixed-interruption-matrix	fixed-interruption	proposed	180	non-disruptive	events,barrier-snapshots,process-and-cgroup-observations,case-outcome
FM-M08.start-before-no-output-proposed	fixed-interruption-matrix	fixed-interruption	proposed	180	non-disruptive	events,barrier-snapshots,process-and-cgroup-observations,case-outcome
FM-M08.start-before-single-output-proposed	fixed-interruption-matrix	fixed-interruption	proposed	180	non-disruptive	events,barrier-snapshots,process-and-cgroup-observations,case-outcome
FM-M08.start-before-multiple-output-pages-proposed	fixed-interruption-matrix	fixed-interruption	proposed	180	non-disruptive	events,barrier-snapshots,process-and-cgroup-observations,case-outcome
FM-M08.start-before-processor-loop-proposed	fixed-interruption-matrix	fixed-interruption	proposed	180	non-disruptive	events,barrier-snapshots,process-and-cgroup-observations,case-outcome
FM-M08.start-before-process-descendant-proposed	fixed-interruption-matrix	fixed-interruption	proposed	180	non-disruptive	events,barrier-snapshots,process-and-cgroup-observations,case-outcome
FM-M08.start-before-active-capability-handler-proposed	fixed-interruption-matrix	fixed-interruption	proposed	180	non-disruptive	events,barrier-snapshots,process-and-cgroup-observations,case-outcome
FM-M08.start-before-unknown-external-effect-proposed	fixed-interruption-matrix	fixed-interruption	proposed	180	non-disruptive	events,barrier-snapshots,process-and-cgroup-observations,case-outcome
FM-M08.start-after-no-output-proposed	fixed-interruption-matrix	fixed-interruption	proposed	180	non-disruptive	events,barrier-snapshots,process-and-cgroup-observations,case-outcome
FM-M08.start-after-single-output-proposed	fixed-interruption-matrix	fixed-interruption	proposed	180	non-disruptive	events,barrier-snapshots,process-and-cgroup-observations,case-outcome
FM-M08.start-after-multiple-output-pages-proposed	fixed-interruption-matrix	fixed-interruption	proposed	180	non-disruptive	events,barrier-snapshots,process-and-cgroup-observations,case-outcome
FM-M08.start-after-processor-loop-proposed	fixed-interruption-matrix	fixed-interruption	proposed	180	non-disruptive	events,barrier-snapshots,process-and-cgroup-observations,case-outcome
FM-M08.start-after-process-descendant-proposed	fixed-interruption-matrix	fixed-interruption	proposed	180	non-disruptive	events,barrier-snapshots,process-and-cgroup-observations,case-outcome
FM-M08.start-after-active-capability-handler-proposed	fixed-interruption-matrix	fixed-interruption	proposed	180	non-disruptive	events,barrier-snapshots,process-and-cgroup-observations,case-outcome
FM-M08.start-after-unknown-external-effect-proposed	fixed-interruption-matrix	fixed-interruption	proposed	180	non-disruptive	events,barrier-snapshots,process-and-cgroup-observations,case-outcome
FM-M08.completion-before-no-output-proposed	fixed-interruption-matrix	fixed-interruption	proposed	180	non-disruptive	events,barrier-snapshots,process-and-cgroup-observations,case-outcome
FM-M08.completion-before-single-output-proposed	fixed-interruption-matrix	fixed-interruption	proposed	180	non-disruptive	events,barrier-snapshots,process-and-cgroup-observations,case-outcome
FM-M08.completion-before-multiple-output-pages-proposed	fixed-interruption-matrix	fixed-interruption	proposed	180	non-disruptive	events,barrier-snapshots,process-and-cgroup-observations,case-outcome
FM-M08.completion-before-processor-loop-proposed	fixed-interruption-matrix	fixed-interruption	proposed	180	non-disruptive	events,barrier-snapshots,process-and-cgroup-observations,case-outcome
FM-M08.completion-before-process-descendant-proposed	fixed-interruption-matrix	fixed-interruption	proposed	180	non-disruptive	events,barrier-snapshots,process-and-cgroup-observations,case-outcome
FM-M08.completion-before-active-capability-handler-proposed	fixed-interruption-matrix	fixed-interruption	proposed	180	non-disruptive	events,barrier-snapshots,process-and-cgroup-observations,case-outcome
FM-M08.completion-before-unknown-external-effect-proposed	fixed-interruption-matrix	fixed-interruption	proposed	180	non-disruptive	events,barrier-snapshots,process-and-cgroup-observations,case-outcome
FM-M08.completion-after-no-output-proposed	fixed-interruption-matrix	fixed-interruption	proposed	180	non-disruptive	events,barrier-snapshots,process-and-cgroup-observations,case-outcome
FM-M08.completion-after-single-output-proposed	fixed-interruption-matrix	fixed-interruption	proposed	180	non-disruptive	events,barrier-snapshots,process-and-cgroup-observations,case-outcome
FM-M08.completion-after-multiple-output-pages-proposed	fixed-interruption-matrix	fixed-interruption	proposed	180	non-disruptive	events,barrier-snapshots,process-and-cgroup-observations,case-outcome
FM-M08.completion-after-processor-loop-proposed	fixed-interruption-matrix	fixed-interruption	proposed	180	non-disruptive	events,barrier-snapshots,process-and-cgroup-observations,case-outcome
FM-M08.completion-after-process-descendant-proposed	fixed-interruption-matrix	fixed-interruption	proposed	180	non-disruptive	events,barrier-snapshots,process-and-cgroup-observations,case-outcome
FM-M08.completion-after-active-capability-handler-proposed	fixed-interruption-matrix	fixed-interruption	proposed	180	non-disruptive	events,barrier-snapshots,process-and-cgroup-observations,case-outcome
FM-M08.completion-after-unknown-external-effect-proposed	fixed-interruption-matrix	fixed-interruption	proposed	180	non-disruptive	events,barrier-snapshots,process-and-cgroup-observations,case-outcome
FM-M09-before-no-output-proposed	fixed-interruption-matrix	fixed-interruption	proposed	180	non-disruptive	events,barrier-snapshots,process-and-cgroup-observations,case-outcome
FM-M09-before-single-output-proposed	fixed-interruption-matrix	fixed-interruption	proposed	180	non-disruptive	events,barrier-snapshots,process-and-cgroup-observations,case-outcome
FM-M09-before-multiple-output-pages-proposed	fixed-interruption-matrix	fixed-interruption	proposed	180	non-disruptive	events,barrier-snapshots,process-and-cgroup-observations,case-outcome
FM-M09-before-processor-loop-proposed	fixed-interruption-matrix	fixed-interruption	proposed	180	non-disruptive	events,barrier-snapshots,process-and-cgroup-observations,case-outcome
FM-M09-before-process-descendant-proposed	fixed-interruption-matrix	fixed-interruption	proposed	180	non-disruptive	events,barrier-snapshots,process-and-cgroup-observations,case-outcome
FM-M09-before-active-capability-handler-proposed	fixed-interruption-matrix	fixed-interruption	proposed	180	non-disruptive	events,barrier-snapshots,process-and-cgroup-observations,case-outcome
FM-M09-before-unknown-external-effect-proposed	fixed-interruption-matrix	fixed-interruption	proposed	180	non-disruptive	events,barrier-snapshots,process-and-cgroup-observations,case-outcome
FM-M09-after-no-output-proposed	fixed-interruption-matrix	fixed-interruption	proposed	180	non-disruptive	events,barrier-snapshots,process-and-cgroup-observations,case-outcome
FM-M09-after-single-output-proposed	fixed-interruption-matrix	fixed-interruption	proposed	180	non-disruptive	events,barrier-snapshots,process-and-cgroup-observations,case-outcome
FM-M09-after-multiple-output-pages-proposed	fixed-interruption-matrix	fixed-interruption	proposed	180	non-disruptive	events,barrier-snapshots,process-and-cgroup-observations,case-outcome
FM-M09-after-processor-loop-proposed	fixed-interruption-matrix	fixed-interruption	proposed	180	non-disruptive	events,barrier-snapshots,process-and-cgroup-observations,case-outcome
FM-M09-after-process-descendant-proposed	fixed-interruption-matrix	fixed-interruption	proposed	180	non-disruptive	events,barrier-snapshots,process-and-cgroup-observations,case-outcome
FM-M09-after-active-capability-handler-proposed	fixed-interruption-matrix	fixed-interruption	proposed	180	non-disruptive	events,barrier-snapshots,process-and-cgroup-observations,case-outcome
FM-M09-after-unknown-external-effect-proposed	fixed-interruption-matrix	fixed-interruption	proposed	180	non-disruptive	events,barrier-snapshots,process-and-cgroup-observations,case-outcome
FM-M10-before-no-output-proposed	fixed-interruption-matrix	fixed-interruption	proposed	180	non-disruptive	events,barrier-snapshots,process-and-cgroup-observations,case-outcome
FM-M10-before-single-output-proposed	fixed-interruption-matrix	fixed-interruption	proposed	180	non-disruptive	events,barrier-snapshots,process-and-cgroup-observations,case-outcome
FM-M10-before-multiple-output-pages-proposed	fixed-interruption-matrix	fixed-interruption	proposed	180	non-disruptive	events,barrier-snapshots,process-and-cgroup-observations,case-outcome
FM-M10-before-processor-loop-proposed	fixed-interruption-matrix	fixed-interruption	proposed	180	non-disruptive	events,barrier-snapshots,process-and-cgroup-observations,case-outcome
FM-M10-before-process-descendant-proposed	fixed-interruption-matrix	fixed-interruption	proposed	180	non-disruptive	events,barrier-snapshots,process-and-cgroup-observations,case-outcome
FM-M10-before-active-capability-handler-proposed	fixed-interruption-matrix	fixed-interruption	proposed	180	non-disruptive	events,barrier-snapshots,process-and-cgroup-observations,case-outcome
FM-M10-before-unknown-external-effect-proposed	fixed-interruption-matrix	fixed-interruption	proposed	180	non-disruptive	events,barrier-snapshots,process-and-cgroup-observations,case-outcome
FM-M10-after-no-output-proposed	fixed-interruption-matrix	fixed-interruption	proposed	180	non-disruptive	events,barrier-snapshots,process-and-cgroup-observations,case-outcome
FM-M10-after-single-output-proposed	fixed-interruption-matrix	fixed-interruption	proposed	180	non-disruptive	events,barrier-snapshots,process-and-cgroup-observations,case-outcome
FM-M10-after-multiple-output-pages-proposed	fixed-interruption-matrix	fixed-interruption	proposed	180	non-disruptive	events,barrier-snapshots,process-and-cgroup-observations,case-outcome
FM-M10-after-processor-loop-proposed	fixed-interruption-matrix	fixed-interruption	proposed	180	non-disruptive	events,barrier-snapshots,process-and-cgroup-observations,case-outcome
FM-M10-after-process-descendant-proposed	fixed-interruption-matrix	fixed-interruption	proposed	180	non-disruptive	events,barrier-snapshots,process-and-cgroup-observations,case-outcome
FM-M10-after-active-capability-handler-proposed	fixed-interruption-matrix	fixed-interruption	proposed	180	non-disruptive	events,barrier-snapshots,process-and-cgroup-observations,case-outcome
FM-M10-after-unknown-external-effect-proposed	fixed-interruption-matrix	fixed-interruption	proposed	180	non-disruptive	events,barrier-snapshots,process-and-cgroup-observations,case-outcome
FM-M11-before-no-output-proposed	fixed-interruption-matrix	fixed-interruption	proposed	180	non-disruptive	events,barrier-snapshots,process-and-cgroup-observations,case-outcome
FM-M11-before-single-output-proposed	fixed-interruption-matrix	fixed-interruption	proposed	180	non-disruptive	events,barrier-snapshots,process-and-cgroup-observations,case-outcome
FM-M11-before-multiple-output-pages-proposed	fixed-interruption-matrix	fixed-interruption	proposed	180	non-disruptive	events,barrier-snapshots,process-and-cgroup-observations,case-outcome
FM-M11-before-processor-loop-proposed	fixed-interruption-matrix	fixed-interruption	proposed	180	non-disruptive	events,barrier-snapshots,process-and-cgroup-observations,case-outcome
FM-M11-before-process-descendant-proposed	fixed-interruption-matrix	fixed-interruption	proposed	180	non-disruptive	events,barrier-snapshots,process-and-cgroup-observations,case-outcome
FM-M11-before-active-capability-handler-proposed	fixed-interruption-matrix	fixed-interruption	proposed	180	non-disruptive	events,barrier-snapshots,process-and-cgroup-observations,case-outcome
FM-M11-before-unknown-external-effect-proposed	fixed-interruption-matrix	fixed-interruption	proposed	180	non-disruptive	events,barrier-snapshots,process-and-cgroup-observations,case-outcome
FM-M11-after-no-output-proposed	fixed-interruption-matrix	fixed-interruption	proposed	180	non-disruptive	events,barrier-snapshots,process-and-cgroup-observations,case-outcome
FM-M11-after-single-output-proposed	fixed-interruption-matrix	fixed-interruption	proposed	180	non-disruptive	events,barrier-snapshots,process-and-cgroup-observations,case-outcome
FM-M11-after-multiple-output-pages-proposed	fixed-interruption-matrix	fixed-interruption	proposed	180	non-disruptive	events,barrier-snapshots,process-and-cgroup-observations,case-outcome
FM-M11-after-processor-loop-proposed	fixed-interruption-matrix	fixed-interruption	proposed	180	non-disruptive	events,barrier-snapshots,process-and-cgroup-observations,case-outcome
FM-M11-after-process-descendant-proposed	fixed-interruption-matrix	fixed-interruption	proposed	180	non-disruptive	events,barrier-snapshots,process-and-cgroup-observations,case-outcome
FM-M11-after-active-capability-handler-proposed	fixed-interruption-matrix	fixed-interruption	proposed	180	non-disruptive	events,barrier-snapshots,process-and-cgroup-observations,case-outcome
FM-M11-after-unknown-external-effect-proposed	fixed-interruption-matrix	fixed-interruption	proposed	180	non-disruptive	events,barrier-snapshots,process-and-cgroup-observations,case-outcome
FM-M12-before-no-output-proposed	fixed-interruption-matrix	fixed-interruption	proposed	180	non-disruptive	events,barrier-snapshots,process-and-cgroup-observations,case-outcome
FM-M12-before-single-output-proposed	fixed-interruption-matrix	fixed-interruption	proposed	180	non-disruptive	events,barrier-snapshots,process-and-cgroup-observations,case-outcome
FM-M12-before-multiple-output-pages-proposed	fixed-interruption-matrix	fixed-interruption	proposed	180	non-disruptive	events,barrier-snapshots,process-and-cgroup-observations,case-outcome
FM-M12-before-processor-loop-proposed	fixed-interruption-matrix	fixed-interruption	proposed	180	non-disruptive	events,barrier-snapshots,process-and-cgroup-observations,case-outcome
FM-M12-before-process-descendant-proposed	fixed-interruption-matrix	fixed-interruption	proposed	180	non-disruptive	events,barrier-snapshots,process-and-cgroup-observations,case-outcome
FM-M12-before-active-capability-handler-proposed	fixed-interruption-matrix	fixed-interruption	proposed	180	non-disruptive	events,barrier-snapshots,process-and-cgroup-observations,case-outcome
FM-M12-before-unknown-external-effect-proposed	fixed-interruption-matrix	fixed-interruption	proposed	180	non-disruptive	events,barrier-snapshots,process-and-cgroup-observations,case-outcome
FM-M12-after-no-output-proposed	fixed-interruption-matrix	fixed-interruption	proposed	180	non-disruptive	events,barrier-snapshots,process-and-cgroup-observations,case-outcome
FM-M12-after-single-output-proposed	fixed-interruption-matrix	fixed-interruption	proposed	180	non-disruptive	events,barrier-snapshots,process-and-cgroup-observations,case-outcome
FM-M12-after-multiple-output-pages-proposed	fixed-interruption-matrix	fixed-interruption	proposed	180	non-disruptive	events,barrier-snapshots,process-and-cgroup-observations,case-outcome
FM-M12-after-processor-loop-proposed	fixed-interruption-matrix	fixed-interruption	proposed	180	non-disruptive	events,barrier-snapshots,process-and-cgroup-observations,case-outcome
FM-M12-after-process-descendant-proposed	fixed-interruption-matrix	fixed-interruption	proposed	180	non-disruptive	events,barrier-snapshots,process-and-cgroup-observations,case-outcome
FM-M12-after-active-capability-handler-proposed	fixed-interruption-matrix	fixed-interruption	proposed	180	non-disruptive	events,barrier-snapshots,process-and-cgroup-observations,case-outcome
FM-M12-after-unknown-external-effect-proposed	fixed-interruption-matrix	fixed-interruption	proposed	180	non-disruptive	events,barrier-snapshots,process-and-cgroup-observations,case-outcome
FM-M13-before-no-output-proposed	fixed-interruption-matrix	fixed-interruption	proposed	180	non-disruptive	events,barrier-snapshots,process-and-cgroup-observations,case-outcome
FM-M13-before-single-output-proposed	fixed-interruption-matrix	fixed-interruption	proposed	180	non-disruptive	events,barrier-snapshots,process-and-cgroup-observations,case-outcome
FM-M13-before-multiple-output-pages-proposed	fixed-interruption-matrix	fixed-interruption	proposed	180	non-disruptive	events,barrier-snapshots,process-and-cgroup-observations,case-outcome
FM-M13-before-processor-loop-proposed	fixed-interruption-matrix	fixed-interruption	proposed	180	non-disruptive	events,barrier-snapshots,process-and-cgroup-observations,case-outcome
FM-M13-before-process-descendant-proposed	fixed-interruption-matrix	fixed-interruption	proposed	180	non-disruptive	events,barrier-snapshots,process-and-cgroup-observations,case-outcome
FM-M13-before-active-capability-handler-proposed	fixed-interruption-matrix	fixed-interruption	proposed	180	non-disruptive	events,barrier-snapshots,process-and-cgroup-observations,case-outcome
FM-M13-before-unknown-external-effect-proposed	fixed-interruption-matrix	fixed-interruption	proposed	180	non-disruptive	events,barrier-snapshots,process-and-cgroup-observations,case-outcome
FM-M13-after-no-output-proposed	fixed-interruption-matrix	fixed-interruption	proposed	180	non-disruptive	events,barrier-snapshots,process-and-cgroup-observations,case-outcome
FM-M13-after-single-output-proposed	fixed-interruption-matrix	fixed-interruption	proposed	180	non-disruptive	events,barrier-snapshots,process-and-cgroup-observations,case-outcome
FM-M13-after-multiple-output-pages-proposed	fixed-interruption-matrix	fixed-interruption	proposed	180	non-disruptive	events,barrier-snapshots,process-and-cgroup-observations,case-outcome
FM-M13-after-processor-loop-proposed	fixed-interruption-matrix	fixed-interruption	proposed	180	non-disruptive	events,barrier-snapshots,process-and-cgroup-observations,case-outcome
FM-M13-after-process-descendant-proposed	fixed-interruption-matrix	fixed-interruption	proposed	180	non-disruptive	events,barrier-snapshots,process-and-cgroup-observations,case-outcome
FM-M13-after-active-capability-handler-proposed	fixed-interruption-matrix	fixed-interruption	proposed	180	non-disruptive	events,barrier-snapshots,process-and-cgroup-observations,case-outcome
FM-M13-after-unknown-external-effect-proposed	fixed-interruption-matrix	fixed-interruption	proposed	180	non-disruptive	events,barrier-snapshots,process-and-cgroup-observations,case-outcome
FM-M14-before-no-output-proposed	fixed-interruption-matrix	fixed-interruption	proposed	180	non-disruptive	events,barrier-snapshots,process-and-cgroup-observations,case-outcome
FM-M14-before-single-output-proposed	fixed-interruption-matrix	fixed-interruption	proposed	180	non-disruptive	events,barrier-snapshots,process-and-cgroup-observations,case-outcome
FM-M14-before-multiple-output-pages-proposed	fixed-interruption-matrix	fixed-interruption	proposed	180	non-disruptive	events,barrier-snapshots,process-and-cgroup-observations,case-outcome
FM-M14-before-processor-loop-proposed	fixed-interruption-matrix	fixed-interruption	proposed	180	non-disruptive	events,barrier-snapshots,process-and-cgroup-observations,case-outcome
FM-M14-before-process-descendant-proposed	fixed-interruption-matrix	fixed-interruption	proposed	180	non-disruptive	events,barrier-snapshots,process-and-cgroup-observations,case-outcome
FM-M14-before-active-capability-handler-proposed	fixed-interruption-matrix	fixed-interruption	proposed	180	non-disruptive	events,barrier-snapshots,process-and-cgroup-observations,case-outcome
FM-M14-before-unknown-external-effect-proposed	fixed-interruption-matrix	fixed-interruption	proposed	180	non-disruptive	events,barrier-snapshots,process-and-cgroup-observations,case-outcome
FM-M14-after-no-output-proposed	fixed-interruption-matrix	fixed-interruption	proposed	180	non-disruptive	events,barrier-snapshots,process-and-cgroup-observations,case-outcome
FM-M14-after-single-output-proposed	fixed-interruption-matrix	fixed-interruption	proposed	180	non-disruptive	events,barrier-snapshots,process-and-cgroup-observations,case-outcome
FM-M14-after-multiple-output-pages-proposed	fixed-interruption-matrix	fixed-interruption	proposed	180	non-disruptive	events,barrier-snapshots,process-and-cgroup-observations,case-outcome
FM-M14-after-processor-loop-proposed	fixed-interruption-matrix	fixed-interruption	proposed	180	non-disruptive	events,barrier-snapshots,process-and-cgroup-observations,case-outcome
FM-M14-after-process-descendant-proposed	fixed-interruption-matrix	fixed-interruption	proposed	180	non-disruptive	events,barrier-snapshots,process-and-cgroup-observations,case-outcome
FM-M14-after-active-capability-handler-proposed	fixed-interruption-matrix	fixed-interruption	proposed	180	non-disruptive	events,barrier-snapshots,process-and-cgroup-observations,case-outcome
FM-M14-after-unknown-external-effect-proposed	fixed-interruption-matrix	fixed-interruption	proposed	180	non-disruptive	events,barrier-snapshots,process-and-cgroup-observations,case-outcome
SC-09-01-effect-intent-survives-crash	capability-idempotency	capability-idempotency	proposed	300	non-disruptive	events,process-and-cgroup-observations,case-outcome
SC-09-02-idempotency-key-linked-to-claim	capability-idempotency	capability-idempotency	proposed	300	non-disruptive	events,process-and-cgroup-observations,case-outcome
SC-09-03-in-memory-duplicate-map-rejected	capability-idempotency	capability-idempotency	proposed	300	non-disruptive	events,process-and-cgroup-observations,case-outcome
SC-09-04-unknown-outcome-queried-not-retried	capability-idempotency	capability-idempotency	proposed	300	non-disruptive	events,process-and-cgroup-observations,case-outcome
SC-09-05-crash-before-remote-acceptance	capability-idempotency	capability-idempotency	proposed	300	non-disruptive	events,process-and-cgroup-observations,case-outcome
SC-09-06-crash-after-remote-acceptance	capability-idempotency	capability-idempotency	proposed	300	non-disruptive	events,process-and-cgroup-observations,case-outcome
SC-09-07-crash-after-lost-response	capability-idempotency	capability-idempotency	proposed	300	non-disruptive	events,process-and-cgroup-observations,case-outcome
LC-hard-timeout-before-membership-no-descendant	live-core-termination	live-core-termination	proposed	240	non-disruptive	events,process-and-cgroup-observations,case-outcome
LC-hard-timeout-before-membership-with-descendant	live-core-termination	live-core-termination	proposed	240	non-disruptive	events,process-and-cgroup-observations,case-outcome
LC-hard-timeout-after-membership-no-descendant	live-core-termination	live-core-termination	proposed	240	non-disruptive	events,process-and-cgroup-observations,case-outcome
LC-hard-timeout-after-membership-with-descendant	live-core-termination	live-core-termination	proposed	240	non-disruptive	events,process-and-cgroup-observations,case-outcome
LC-orderly-stop-before-membership-no-descendant	live-core-termination	live-core-termination	proposed	240	non-disruptive	events,process-and-cgroup-observations,case-outcome
LC-orderly-stop-before-membership-with-descendant	live-core-termination	live-core-termination	proposed	240	non-disruptive	events,process-and-cgroup-observations,case-outcome
LC-orderly-stop-after-membership-no-descendant	live-core-termination	live-core-termination	proposed	240	non-disruptive	events,process-and-cgroup-observations,case-outcome
LC-orderly-stop-after-membership-with-descendant	live-core-termination	live-core-termination	proposed	240	non-disruptive	events,process-and-cgroup-observations,case-outcome
LC-failure-cleanup-before-membership-no-descendant	live-core-termination	live-core-termination	proposed	240	non-disruptive	events,process-and-cgroup-observations,case-outcome
LC-failure-cleanup-before-membership-with-descendant	live-core-termination	live-core-termination	proposed	240	non-disruptive	events,process-and-cgroup-observations,case-outcome
LC-failure-cleanup-after-membership-no-descendant	live-core-termination	live-core-termination	proposed	240	non-disruptive	events,process-and-cgroup-observations,case-outcome
LC-failure-cleanup-after-membership-with-descendant	live-core-termination	live-core-termination	proposed	240	non-disruptive	events,process-and-cgroup-observations,case-outcome
LC-replacement-before-membership-no-descendant	live-core-termination	live-core-termination	proposed	240	non-disruptive	events,process-and-cgroup-observations,case-outcome
LC-replacement-before-membership-with-descendant	live-core-termination	live-core-termination	proposed	240	non-disruptive	events,process-and-cgroup-observations,case-outcome
LC-replacement-after-membership-no-descendant	live-core-termination	live-core-termination	proposed	240	non-disruptive	events,process-and-cgroup-observations,case-outcome
LC-replacement-after-membership-with-descendant	live-core-termination	live-core-termination	proposed	240	non-disruptive	events,process-and-cgroup-observations,case-outcome
